LLHold,LLLatency,LRHold,LRLatency,RLHold,RLLatency,RRHold,RRLatency,LLHoldStd,LLLatencyStd,LRHoldStd,LRLatencyStd,RLHoldStd,RLLatencyStd,RRHoldStd,RRLatencyStd,LLHoldSkew,LLLatencySkew,LRHoldSkew,LRLatencySkew,RLHoldSkew,RLLatencySkew,RRHoldSkew,RRLatencySkew,LHold,LLatency,RHold,RLatency,LHoldStd,LLatencyStd,RHoldStd,RLatencyStd,LRHold_Diff,LLRRLatency_Diff,LRRLLatency_Diff
97.65414012738846,406.71624203821693,107.13801652892556,411.71818181818213,100.91794871794869,430.2589743589746,96.40078431372542,365.73647058823553,25.840600074254343,162.6060847841673,26.39753778345192,196.20074887451665,22.969831363240953,178.1543845866315,46.56618606265494,155.3459044925624,0.4437509820719149,0.3777018333502094,0.472153051408476,0.2495317757507036,-0.11515573803689469,0.2839942366185199,8.313726440323567,0.5755227557045761,99.04781021897814,416.7691605839415,101.62897384305849,388.12595573440603,24.686839612244825,169.66172424636142,38.44316192961358,177.7399106476605,-2.5811636240803466,40.9797714499814,-18.540792540792495
64.45294117647057,390.05882352941177,66.23333333333333,600.4333333333334,68.5,536.407142857143,64.34117647058824,394.6470588235294,10.799196593211157,199.16259393653573,9.786570885502726,185.71359833372628,13.359237656738904,78.44336971820657,13.390624463758652,220.78294238246494,-0.4214895161600588,0.396361161597906,-0.12137639173457049,-0.937016061556239,0.03365852017298669,0.67979567090984,0.4340027433162414,0.2751150914037611,66.28064516129031,456.15161290322584,65.12413793103448,479.79999999999995,11.988617361337342,171.18013878361737,11.87385047586303,228.1292616040301,1.1565072302558264,-4.588235294117624,64.02619047619044
143.39952830188685,347.88254716981146,105.32588652482274,313.54148936170185,163.7,310.79945355191256,106.20875000000001,322.1708333333335,51.11537224159969,101.97774744313567,24.333537993381356,97.68066944661581,51.26250691669903,98.03812697292364,30.863532232424802,82.90132653175847,0.46112369904269473,-1.3422998331520954,3.3730086979237477,0.008292493353217481,0.20030886863979808,0.03778858547987308,2.3823330130232647,-0.2866347587482591,152.8045569620255,330.7022784810128,105.73180076628367,317.5090038314178,52.113722575769216,101.74417091210826,27.504958621426265,91.19991968547566,47.07275619574182,25.71171383647794,2.742035809789286
144.31497975708533,528.6704453441284,180.6327433628317,575.478761061947,156.39170984455947,501.2740932642491,159.27777777777774,493.77962962963,42.482347823202936,137.54254815417104,60.62829290391145,148.44889058631748,57.12990618682454,143.40445662360736,52.05996691353884,163.59790085607256,0.6097195133825977,-0.19325138420778346,0.40095782024838605,-0.2630416850306051,0.5001520342223703,0.36041606280409244,0.01959315991490568,-0.3707585499194151,147.70771470160167,520.9739446870442,166.6124620060792,521.8404255319147,47.32859282097994,139.65368674333544,55.98950791589391,163.02831689861114,-18.904747304477524,34.890815714498444,74.20466779769794
124.28520730850298,300.32315530569286,127.42173112338864,335.50828729281784,125.79549180327886,321.13150614754124,124.94185544768091,332.6210355987055,21.62619308839518,81.74901489023497,19.572948204702733,81.2198556370676,20.59529687505226,88.46750703686784,20.754468462319252,90.87639476526596,0.3972218005227242,0.36216494736963817,0.28148034621024143,0.029141018399424685,0.9893041088508172,0.1440578448636765,0.4279893819970864,-0.04896444102838123,124.89964568570204,308.7887453105472,126.10169394200354,333.9714039621025,21.22363608487626,85.15359423819825,20.245448499670847,86.4940907163256,-1.2020482563014951,-32.29788029301261,14.376781145276595
180.05684210526329,498.7891228070179,150.55467836257336,546.8090643274849,192.6598958333333,622.6296875000005,133.9864615384616,503.4286153846149,62.33918406808252,195.8539481373515,44.50806666860062,137.0894279898003,57.95078256580399,133.2758396265958,40.3675681319186,182.65956599368909,0.4014990061134818,-0.3300014231751047,0.38849889323527975,-0.24273503601321805,0.45336122262847983,-1.1100133956332705,0.5635357897771109,-0.40793030776093125,185.12976939203372,548.6368972746327,142.48170914542786,525.6716641679146,60.86437390691834,183.6023376311701,43.30951072220002,162.24905657056127,42.648060246605866,-4.639492577596968,-75.82062317251564
131.28446601941758,358.35825242718334,114.21366047745373,478.7618037135269,137.63629943502846,454.3258474576258,114.45614334471016,383.1527303754263,40.22570889380055,121.12439811699701,26.12832743247138,128.42982623025617,30.275371188016237,135.0901482079472,32.56098926666482,137.10499464510715,1.3308349927125172,0.929307913167427,-0.1156385735340538,-0.016937924804803408,-0.023517997086265716,0.3869748336087825,-0.14302265095308211,0.6126385343366854,133.7272134709396,395.2648560564919,114.31970149253712,436.95067164178977,36.84066947685368,134.97765357761614,29.105562550517288,140.49677595878728,19.407511978402482,-24.794477948242957,24.43595625590109
74.8961190053292,177.81737122558513,74.43139454094204,139.9495583126607,70.42986913009962,145.71925519631083,74.33181353506384,176.7615109384665,28.846444224242244,85.55237119811709,22.508094368054966,85.22836559921446,23.24060724466474,93.08327174360805,25.73272578893985,83.4943828773843,0.07611576792232912,1.836225329936934,-0.09180783282002565,3.1272263527683863,0.07932790223601491,2.885699491094523,-0.2761943269688571,1.2696984014312462,72.7525170884968,162.4116986883339,74.38233872186905,158.08394520823336,26.399280372666738,90.6735147909618,24.149928758374,86.36038732473688,-1.629821633372245,1.0558602871186338,-5.769696883650113
133.66311616228262,189.12300779701647,96.70008149959087,186.4209942950294,132.21793168880416,149.9682163187844,103.04623331898212,186.735342229875,67.3051592291271,133.98828159232175,48.26132312465436,148.37108390325415,67.3219907777657,116.45267735105948,48.655033468555764,123.53056315648378,0.16154862298209977,1.8783065442688747,-0.08218424124567528,1.8507594786403296,0.22936183878950878,2.630045378167431,0.24184396638069627,2.052752903152406,133.0051832121594,171.2974443884586,99.43491327335052,186.55646043966902,67.31424694745432,127.79922689310902,48.53100034316569,138.20871553678307,33.57026993880889,2.3876655671414824,36.45277797624499
127.29682593856556,310.29849829351804,126.60002719608308,309.0566222463999,136.02896379525492,266.22051602164106,132.0962396430853,320.30956022944946,38.85926353838148,92.24830030214753,38.19720872817619,103.16420269632033,37.97710353694346,121.65792339231324,43.69598051324086,97.23313054992308,0.5426376790014912,0.07918382854214247,0.491505024938799,-0.19391500979019582,0.24178487868428028,0.36457214136908067,0.5303324376428208,-0.18150073919479015,131.23144571535906,290.43737108569604,129.68574666031034,315.3743201335844,38.70535066882077,108.73449496002993,41.46185259838971,100.02766161681156,1.5456990550487149,-10.011061935931423,42.83610622475885
89.92869502523402,217.9504686373466,99.67666542612534,203.06944547822758,81.86285163776475,198.5159922928706,98.9064864864862,215.58738738738646,33.22880071887282,105.08508141615086,59.409077764428375,114.9904054424109,30.698403810150886,97.13560731815616,38.367004250260656,113.73847504738656,1.0175483014050002,2.19559440442612,27.557977325377784,2.1997720549600897,0.9765980817554327,2.2117338404881113,0.6913788357578249,2.047404105406718,86.03022909294009,208.55719873347223,99.32822498471495,208.73274913389247,32.280464717079816,101.77589411911893,50.97344476396203,114.5836274598682,-13.29799589177486,2.363081249960146,4.553453185356972
128.74368976594715,278.9094997705371,120.37894472361785,200.3892964824109,128.0631343283576,224.3463184079599,123.64711226476298,289.07021414665707,69.06455963770146,131.1404346712498,27.915612508260917,127.04413721780048,66.06123250550357,109.28535509894326,34.58634517406728,125.10672810613205,-0.16742764796649812,0.8064839860319126,-0.37016872799378664,1.9670437198918302,-0.3010120467530667,1.7163655158721756,-0.7258742499613883,1.1532325828287586,128.41714012890893,252.72855096681945,121.80523930897716,239.09144718210254,67.63293056905654,124.16256382390718,31.041589542478867,133.63140521376886,6.611900819931762,-10.160714376119984,-23.957021925548986
169.9,365.2,100.26666666666667,251.29999999999998,152.3,324.2,131.53333333333333,268.23333333333335,52.46732316404182,46.95189027078674,12.593781534286405,80.15042108435864,,,28.27089197979669,127.5577254945122,,,-1.547062179384273,1.0891566892169198,,,1.6950423822789575,-1.7153907641533062,164.03333333333333,351.5333333333333,115.89999999999999,259.76666666666665,38.46639225783116,40.774665336864906,26.008075668914834,95.72902729405885,48.13333333333334,96.96666666666664,-72.9
144.85450145208148,350.0246853823809,114.7736766809727,313.44463519313297,143.86586741889977,335.74287729196055,102.78771929824563,282.779678362573,52.26656224252177,146.578781964553,40.763952832162445,160.81895437128816,63.72760727790257,159.41462265426998,36.29194572912047,150.2602364700164,0.2330815305254121,0.6714273451384125,0.622483272369128,1.00894403958475,-0.30178707258761595,0.7886600224001181,1.1076104143762313,1.2590146260921995,144.45212399540748,344.21194029850756,108.84569775849609,298.2784526391896,57.19339033852948,152.05097121363133,39.065746021672965,156.3840282656477,35.60642623691139,67.24500701980787,-22.298242098827586
114.11162790697675,349.5790697674419,83.98928571428571,308.0357142857144,118.58214285714284,334.55,81.47142857142856,332.6047619047619,36.64975936582034,131.20635248511178,18.25791232408192,128.99366683933007,25.432423947211323,155.13881836266177,12.749672264695388,185.13633483514377,-0.1366613115914082,0.746853458431419,0.38176405644958455,0.8078452296929887,0.45859738437117076,0.58450057064114,-0.08443428868363198,1.2615726967994219,115.87464788732395,343.65211267605633,82.91020408163268,318.56530612244893,32.56144397600969,140.23970383306977,16.025789695804374,154.24654176434072,32.96444380569126,16.974307862680007,-26.51428571428562
154.4567567567568,400.67027027027035,176.32586206896548,375.95000000000005,164.01466666666667,358.7066666666666,170.2769230769231,411.6666666666667,28.90315765660428,61.95268743549775,26.793829875910575,64.8671063885855,34.19297261977345,61.95503455173199,25.70628083745152,45.46998045751744,0.04384711006328487,-0.34308114156588454,-0.607026925407588,0.2528878006674072,1.7203147342217664,0.07449381896885622,0.2503379972565985,0.14309382659294095,160.85714285714283,372.56964285714287,173.89381443298961,390.3103092783506,32.72260896855777,64.78286371025854,26.395425797036744,60.22140829980385,-13.036671575846782,-10.996396396396335,17.243333333333453
115.70467870156168,181.76465717125419,93.38873189266306,182.03410116362272,121.4048951730912,173.27410043881534,103.03021408375028,181.1045778914809,62.031640631145464,75.96408198631272,35.51315462760141,87.08669385334565,61.1068952747016,78.60573572712079,38.31180452206009,78.62180238955291,0.5166341484609625,1.289414024281887,1.0530006832671412,1.4139794276967574,0.2127190034611904,1.5087812962023777,0.9518398971518435,1.0257546559349615,118.32237248667836,177.86556356633318,97.90682692914665,181.59851725660872,61.672776233757354,77.30257668841467,37.16270534330089,83.22592479509164,20.415545557531715,0.6600792797732993,8.760000724807384
103.51203240674792,214.87056572144084,84.5317746620352,172.55171226734487,102.58752116849459,168.8516052779938,81.32503916234816,187.2573790089686,56.59619321203334,105.81999114275386,36.52167367092392,94.01050326469719,51.3397379283265,95.52162393697466,34.73223070496432,88.93644147513366,8.774585676781713,0.5606379608644357,0.5772564834066122,1.2686805809698294,0.573551210736379,1.321360436907238,0.9723020112163009,0.9819447460223764,103.1034768237422,194.53408690504165,83.03999232906938,179.39282960973327,54.33755322165455,103.94088047796573,35.735852760528644,91.97705000081478,20.06348449467282,27.613186712472242,3.7001069893510703
77.20015718821196,254.41359508762403,79.80021859978217,411.1289811223028,75.77519110095537,379.0866699943676,79.32095779729939,285.7605838072966,23.523801696468077,107.66685667271834,20.62074909016238,166.10734916749286,24.528314755951488,112.73601058532344,19.727492393778377,120.6257288461323,2.7469701280964784,1.6234783162713926,2.834283567396057,0.20075526326141274,2.5953964617161716,0.4249428457194344,1.8906210275593014,1.3838911029844847,76.56995061458568,309.55160297440267,79.58921553526937,355.9333217188093,23.98361788380525,126.17544428703748,20.23365456541263,160.38447583670316,-3.019264920683696,-31.346988719672567,32.04231112793519
153.64999999999998,395.18333333333334,109.375,480.5,165.64,352.34,,,44.449375698652965,110.60391343287391,67.52315035107097,261.872577156652,26.142647149820156,213.68184995455275,,,0.2618320576252665,0.756353735902576,-1.1904756543262327,-0.08890721160714042,-1.0913783523403273,0.450900767578728,,,159.1,375.70909090909095,109.375,480.5,36.06183578244458,157.73772823611637,67.52315035107097,261.872577156652,49.724999999999994,,128.16000000000003
150.17965454910387,274.0233179353195,140.84619118082162,238.77530038472221,150.53829322919566,229.89715155343055,131.0625482327544,273.14127180119897,59.39932135263885,101.59403306130052,45.43967863013394,92.31253107933449,60.11067431937883,90.25924433963323,43.44900937219008,92.26556717011759,-0.04594265970102164,0.17456440409576757,-0.5167642020378996,0.6684688961739614,-0.47381540375362063,0.8373487998196423,-0.1183001601363465,0.11421444735907904,150.34695009241136,253.43961799137224,136.59950088767647,253.6922017887542,59.73166963473287,98.95102145448422,44.84871249747674,93.84926755309516,13.747449204734892,0.8820461341205146,8.878148831291668
126.8188507358094,363.23735108619417,94.06081967213125,463.5111475409832,95.98504672897197,458.40841121495276,92.2079479768788,354.0514450867048,96.74144254719201,184.15462056959055,30.105268336174056,195.97642490920092,27.953931246797826,144.32999918759288,40.73900917696548,153.26584344793648,3.4842049438246776,0.40464696096543534,3.282882280397662,-0.02849912454120646,1.2204057747537134,-0.06814956375550704,2.8099459604908428,0.3460039194919909,117.25128081198635,392.76843885935295,93.07603686635977,405.3344086021495,83.06176819185565,178.27237062475754,36.14702355060788,182.8674181053881,24.175243945626576,9.185905999489364,5.102736326030424
96.24444444444445,331.338888888889,85.14687500000001,469.8531249999999,99.8766666666667,358.46,88.9829268292683,419.9878048780487,47.30138895239121,174.64573493263077,21.003947161687677,180.3219504008621,31.715662217350243,205.50690499348192,30.190759368050223,163.76815654320887,1.4499145754331384,0.12523408593284388,1.34111514319083,-0.01635479873151813,0.575709155162922,0.7152468289306221,1.269532797383296,0.6048745788313702,97.89545454545454,343.6666666666665,87.3013698630137,441.84657534246566,40.704611085678785,188.28519884091818,26.457484202388454,171.81572499676622,10.594084682440837,-88.64891598915966,111.39312499999994
156.73378016085758,472.77171581769454,158.47679222357223,492.68250303766575,170.111016225448,510.91110162254563,154.95949177877412,478.05650224215304,49.009354815961274,161.62957804996154,37.18353550061359,155.76548107634036,44.56976599593291,170.74540340117963,46.307260896198635,160.45387113816855,0.5021632361716154,0.24850218288043355,0.4181956639278418,0.14666759163363827,0.09808573855631064,-0.2224519939490537,0.8166500196173313,0.09243779992741079,162.61614720240306,489.5427337589202,156.2990282276719,483.62670060157524,47.565946019843864,166.74680687239737,43.08597341985793,158.80741552762154,6.317118974731159,-5.2847864244585026,-18.228598584879876
124.4441567065071,408.58864541832656,117.63776824034355,392.511845493561,132.21061643835597,412.9120719178061,106.13732845379717,403.1021957913988,35.58637233641259,170.0401032546194,39.29459029726724,166.2921307403379,35.28013158941905,165.90166128345967,36.53471500069921,185.581012183591,0.7129428043974058,0.2357733365855503,-0.012058280351467538,0.16551087818288482,-0.21345645990111764,-0.13406100162769663,0.1700409417831059,0.1410188073328038,127.8365370231856,410.47711293941825,112.07090345438385,397.6381753764412,35.655087856586725,168.22735244225674,38.40796120003221,175.93379561163746,15.765633568801746,5.486449626927765,-20.40022642424509
136.84854357665313,243.5502379018271,123.73471904398896,226.0073989321157,124.70001267427352,214.7010012674306,127.47890371438942,261.5424450054117,52.14144412534106,98.30112129694794,49.75363043707774,86.20811887297108,46.13678493702022,85.97466873209584,49.29885300325309,91.90354865730848,-0.19057551994389701,0.222466999071292,-0.5072106880698098,0.6210368375386569,2.7991249833150724,0.8131175929064482,-0.4289712113425806,0.13675354494970635,131.04180044829866,229.76090749378224,125.28297793021704,240.70150611392307,49.73271604098691,93.72599398566449,49.59852735445363,90.31598530448197,5.758822518081615,-17.992207103584605,11.306397664685107
125.01249999999999,603.5375,126.96666666666665,674.4833333333333,140.6,718.75,119.15,483.4,37.34493415635992,138.05744081463237,23.907042198203165,73.51904288459326,88.38834764831844,77.28677118368961,35.74600210746184,105.45178993265122,0.4181278973590666,-0.6357622138495723,-0.21237517549716622,-0.5453832447455191,,,-0.19613985963415806,-0.9133004124912396,128.13,626.5799999999999,123.83999999999999,598.05,44.676318608905596,133.59579002016156,27.563470189526015,128.2429573548236,4.290000000000006,120.13750000000005,-44.26666666666665
101.95589489162872,233.96991564061463,86.21078185852937,229.92788417838145,97.17435154199231,205.93773046284278,84.73023413932826,269.57365746924177,28.60914895897217,93.06834960973698,18.074582426255354,124.75952996988671,24.82411687275552,103.78913726460664,19.168521777896338,106.88633669479314,0.1153667777348242,2.107661981489509,-0.048033677100690474,1.9553032540140942,0.23236718060460884,2.1877350077523,0.8484452275057665,2.096428518576896,99.64523235483188,220.4234693617019,85.59055872897568,246.53607942035498,26.952826589344205,99.38703476112606,18.55504258323911,119.21860091022957,14.054673625856196,-35.603741828627136,23.990153715538668
116.74798127559971,393.3949678174374,106.11006178287744,451.3840247131502,129.38511627906982,429.83516279069664,105.48253580160616,319.95417394341763,51.606300365681186,162.9587154379649,46.22150048572262,180.5049352830161,49.618040715936445,153.449320487116,41.55164537872448,159.95610463957917,0.8145402392990875,0.3247787927326214,1.6542421195275203,0.1897734747601576,0.7411479129325569,0.39034050609589366,0.9112992330943998,0.9254181511917389,121.62762212643625,407.4658045977034,105.66046046045979,357.21894394394576,51.209876139766884,160.3112946009827,42.92237786213464,176.27205362761987,15.967161665976462,73.44079387401979,21.54886192245357
103.5,416.03333333333336,133.18,384.35999999999996,105.46666666666665,484.3666666666666,100.89999999999999,349.59999999999997,13.700000000000003,103.75973849877101,32.15481301453953,56.84573862656724,18.61755444018718,39.05001067007963,2.251666049839546,87.98818102449894,0.0,1.6487631414593307,-1.8316118763056242,-0.1596758666133666,-1.70959104602908,-0.0038412253448625836,1.7320508075688963,-1.7320508075688756,104.48333333333333,450.2,121.07499999999999,371.325,14.658842610065323,79.48099143820487,29.51903744075291,66.19783660686029,-16.591666666666654,66.4333333333334,-100.00666666666666
118.29160305343515,303.5422391857507,90.87834394904452,288.61624203821685,118.93072463768107,309.69623188405797,97.3956989247311,301.6860215053764,36.19891552842251,122.61362763040471,28.98493564549236,128.45806649321196,36.09425300188483,158.7693475218192,29.74298144878862,143.6294680226671,-0.451979353801029,1.1408180923994122,2.0319185983838945,1.1462733196157588,-0.5593925461018002,0.9709909571569871,0.4074076902712761,1.1930272685084222,118.59037940379415,306.4191056910567,93.94468802698141,294.76543001686366,36.12691073656022,140.61203870307756,29.499370291243054,135.84804483688984,24.645691376812735,1.8562176803743,-21.079989845841112
119.69200000000001,258.60800000000006,108.74000000000002,266.4200000000001,113.2913043478261,239.13913043478263,131.14285714285717,225.72142857142867,36.7589775882482,78.18854306525135,56.05310659205866,128.2875686723467,39.84320305948714,125.85630239982004,51.77808365602137,122.37430242571311,-1.4522521217099735,1.3192996997108335,0.10646249856802605,0.0549338287480782,0.7253842501520406,-0.2172680354438822,0.5963971844898271,0.47013076719031005,116.62499999999999,249.27916666666667,119.5551724137931,246.77241379310354,37.9934736836893,103.11521124829324,54.73564595114458,126.046486541712,-2.930172413793116,32.886571428571386,27.280869565217444
78.5549197014242,187.34973987785614,71.54486812837608,234.97343501747744,79.60298198996124,206.53723058754093,71.3408326324639,227.63317914213613,16.902846861188266,67.28857404738567,10.034438547704832,85.99519971221285,18.448776004247627,83.15117171937888,10.312437302906268,61.87132396126063,1.0212853439340241,1.2619645579122536,-0.267761398929131,0.5802723327234837,0.029148863631936864,0.6097097829941868,1.4308524182338556,1.0581022816007615,79.00955430327856,195.67300204918115,71.4570497737545,231.8141357466073,17.596658083862852,75.18382826369837,10.154600533956051,76.62964960147313,7.552504529524057,-40.28343926427999,28.43620442993651
140.60000000000002,648.45,132.8,796.9,,,105.5,453.09999999999997,11.030865786510127,77.28677118368974,,,,,5.5154328932550785,254.13417715844517,,,,,,,,,140.60000000000002,648.45,114.60000000000001,567.6999999999999,11.030865786510127,77.28677118368974,16.236994795835844,267.75281511125144,26.000000000000014,195.35000000000008,
103.8450657894737,303.25789473684216,91.49601769911507,328.37256637168144,113.36810344827587,334.83146551724155,90.83113772455094,303.65688622754493,29.38935128533046,85.58633070458175,23.84853374630345,80.0755090846274,27.181027248339344,100.71160016717326,24.217102649697335,75.60221476248567,0.26116464905408393,0.10059046425076613,1.5787198485573197,0.24976967064752703,0.188085428115255,-0.08422360677200488,1.5438234379866533,0.6190612182128628,107.96697761194022,316.9240671641791,91.21348600508908,317.8699745547074,28.818122721704775,93.66521092404557,23.977321264283173,79.06000281528206,16.753491606851142,-0.3989914907027696,-6.45889914556011
101.57201953900383,260.7965883071256,98.13829409151613,214.75746779209334,97.30164502934538,225.52975280099628,98.91826078274885,246.38532348242686,27.208288885461478,71.28202350957756,27.651602920257396,84.51462352541152,24.958305755707233,79.93131208897022,28.20927702095925,75.67271777814838,0.6398927805442427,0.6402218012252048,0.5749789363773903,0.9586165099098638,3.18901551934282,1.0997322445517226,0.5626500367747175,0.7164167751085586,99.59959339576204,244.507331197627,98.50556156269344,229.65026091861654,26.278936540270152,77.42175184866713,27.917643197370342,82.00447671912222,1.0940318330685983,14.411264824698748,-10.77228500890294
90.44031413612562,340.0214659685866,96.33063583815027,406.3751445086706,108.46787564766828,390.9217616580315,92.62654320987652,402.66851851851874,36.84012397695809,160.43140954428452,32.62179571986663,176.7530158803486,38.9029388369455,159.04945360054023,33.484205590117064,169.65756613868464,1.0190820834488483,0.7951620382755853,0.38426585910425737,0.3050057020836251,0.6235975928979769,0.5558883962973271,0.41001214343247083,0.15779041580078998,99.50104166666667,365.6041666666669,94.53940298507452,404.5826865671642,38.902895097330116,161.55212298859954,33.044108603727864,173.10897522698815,4.961638681592149,-62.64705254993214,15.45338285063906
77.00028089887638,171.71938202247202,67.8268907563025,214.38823529411775,72.53843416370104,195.06583629893242,69.06125000000002,218.37437499999987,29.147719451385022,71.0927502942864,22.88158545995035,89.53362866931879,29.290033953001338,93.6641895288785,23.91263445289932,68.08387838880996,0.8032432319987849,0.3374444564523845,-0.21783100417960322,0.4724741264902652,-0.16528613708365775,0.5861360809992697,0.18752280154469816,-0.10554007199491615,75.03202511773947,182.01821036106773,68.32311557788941,215.99070351758812,29.271672793421867,82.57134468723892,23.279572744045343,81.52215806715982,6.708909539850055,-46.654992977527854,19.322398995185324
102.97791023842962,406.53499298737614,95.94565469293207,461.00173812282577,104.55705705705763,511.67947947947835,95.71335540838902,398.7030905077251,28.522964760304134,188.60633474105825,25.602801770013215,217.01111679211417,29.199860469711986,208.11780209397327,24.58521112307892,181.03386274410508,0.9846209090048692,0.12295345120802365,0.34361159698348054,-0.21808744273858993,0.6229625436464024,-0.6544973023564963,2.6040088255562077,0.30447749711022365,103.62845360824683,449.85018556701453,95.82668174109688,429.0952515545519,28.808244464633553,203.52858791422062,25.079955182085538,201.75991598719253,7.801771867149952,7.831902479651035,-50.677741356652575
143.51357085959032,313.9395539140991,124.0637633525101,287.08832283392076,148.12364128207855,337.0594802852556,112.82227927224427,314.70031253487576,65.77790993532122,160.31729245323024,39.91142238672501,139.88477884622432,61.879724043773734,158.30036607998719,37.28456146247562,120.81255694651534,0.7148892584978759,0.7816524741205861,0.7842208888548905,1.512131140138539,0.4014211093172032,0.8621436033610249,0.9113019309008504,1.2365267510568982,145.67591510303447,324.7839087972699,119.00588589795055,299.5117768179815,64.01918785030556,159.7884894364971,39.15209558668515,132.35756208577763,26.67002920508392,-0.7607586207766417,-49.97115745133482
113.484,487.1579999999998,130.3033898305085,492.85423728813544,149.92448979591842,571.1285714285715,104.67608695652179,491.86304347826064,35.87971605921368,143.62948945399867,33.90926516710437,133.95922864301798,40.789579605847486,133.57811852994485,30.633497894245036,165.92850717328116,-0.4879920892856669,0.11581779436771981,-0.16049558827191976,0.49428279097173466,-0.2625531425306213,-0.17460974162982296,0.2769286507614138,0.2591052663677074,131.520202020202,528.7191919191921,119.07619047619045,492.42000000000013,42.35475295545889,144.34254162162074,34.79262334452721,148.05767678119952,12.444011544011545,-4.705043478260848,-78.27433414043605
75.06360946745552,262.1292899408286,77.40499999999999,355.02549999999997,81.36199095022623,332.1330316742082,73.27969924812027,323.76090225563894,20.474552664573416,143.62665705675423,14.745999372285253,193.67276706668474,20.357473580077507,168.39377105826006,14.635074926035784,149.18498321668164,0.7248848814700726,1.562912368615387,0.227936917969742,0.6553239114339268,1.2369257029247982,0.5632927053223835,-0.028579610792090367,1.1990589095255841,77.55366726296958,289.80518783542044,75.7573573573573,342.5384384384386,20.641491342499773,157.51834515084153,14.81851398929146,177.67077825502696,1.79630990561229,-61.631612314810354,22.892468325791754
143.2583333333333,306.515,118.67592592592591,245.12407407407406,141.9305555555556,240.111111111111,126.5070175438597,287.5649122807017,57.22928103116999,146.86750032782058,62.92936422054458,131.71015481428134,54.65325432339519,135.52452982638806,66.47414336107666,148.0694630561086,-0.761471999271596,0.97477873032992,-0.1614408166055792,1.0126275452052986,-0.8991739143836923,2.1440569742150757,-0.5003467324843467,1.295745469641315,142.53409090909085,270.294696969697,122.69729729729731,266.91801801801796,55.62753701845666,144.12128073067308,64.59943492499754,141.32953445321786,19.83679361179354,18.950087719298267,5.0129629629630585
75.20787172011659,180.73760932944603,68.6863387978142,177.1371584699454,74.79274193548385,161.54381720430106,75.94476885644767,171.85596107055966,30.492242745973975,104.05344084730078,21.880039799492295,160.0578739051187,26.02085056564521,111.84112499120364,22.64393723052819,99.4318643152598,-0.008656983880112441,1.9949999371054479,-0.5168276934696446,2.0989488950105923,-0.2755300393263659,1.959095739136684,-0.681276017016031,2.2958326145500236,74.9918881118881,170.75146853146873,72.52574002574019,174.34362934362932,28.235029323232904,108.52492146863399,22.56619772793467,131.45550073665345,2.4661480861479106,8.881648258886372,15.59334126564434
74.78067735840771,298.25741072724634,83.30301640681633,280.50317945580895,79.9930081486193,308.414074876045,81.08542692362052,275.0673864115818,14.39721931926016,91.01793698705048,18.652405676615306,87.43661648152724,17.967316926936718,88.07725032891176,17.431972987693953,87.25903896401093,1.183029860457702,0.37172955041259703,1.4632347936507466,0.4748645856556341,1.9693257195312779,0.17522572153569635,1.0578508866371978,0.38894489405605837,77.17596365350917,302.92482717085835,82.37139817988724,278.21958101878863,16.343753281412635,89.82011364460459,18.18240930348892,87.40196002723235,-5.195434526378065,23.190024315664516,-27.910895420236045
137.2471848892114,277.0801307664365,121.00364035087684,241.23491228070128,124.54730831973849,243.94951060358855,112.11249519415554,239.13544790465266,56.83509666093163,131.84269212308268,51.39187945725266,136.1967876549294,48.63749173947009,135.56145954631018,52.36372498027692,119.01873988142702,-0.12044936661508063,1.4274312239670852,-0.0380250267931566,1.7704612469934549,-0.14589658529277066,1.760899501239167,0.47132046881237266,2.0174026634914566,131.2644572526424,261.4727761767547,116.26570374923193,240.11614423274023,53.503072753986075,134.61445870623135,52.09595941587581,127.32269173039934,14.998753503410455,37.94468286178386,-2.7145983228872694
182.33519078537336,313.09913724093786,157.3186247443757,265.0454703476404,187.57174608981754,268.2896688923358,146.51568926498004,279.7422906621983,79.10204877676587,128.05320093310195,55.206398396356356,83.54362058010508,84.20566750906046,108.99892929530837,52.16667010128223,91.42263154719066,3.6644820162380833,-0.6128229409694683,6.099378130545319,0.5309907834869325,0.09966778958210235,0.13016704128757617,-0.03967758027227183,-0.15988915459988629,184.91686733404632,291.0076005591804,151.8134232562763,272.5350047635836,81.69909645139164,121.12940357431432,53.94917332614658,87.95364191234441,33.10344407777001,33.35684657873958,-3.2441985446953936
134.95946558358284,299.9840316374432,131.45340029487724,246.814103391071,137.38383267382636,245.18652432925316,126.79520409452992,278.1794136231495,57.30665439140217,130.12053138634343,48.42038882303674,132.82773752395252,53.81112963904022,130.75331879658526,58.01391434446192,143.80623361787622,-0.3705016238013489,1.0864994276220374,-0.4768813449393798,1.5366850753379426,-0.4384926889625388,1.656088083756544,-0.25007201638982635,1.0522332320850454,136.16137926573538,272.8174057386876,129.48908872901342,260.0405195843298,55.613786592837144,133.27970379272978,52.72879885128274,138.4315385641728,6.67229053672196,21.80461801429368,1.6275790618178405
161.09086678301296,345.02763234438567,125.33735273735257,294.04151074151065,158.04946308724777,318.05281879194507,124.04126582278475,353.6878481012652,60.110404761076545,128.9072309883536,33.17950774468977,135.20288120833976,54.93819584197352,128.23362193774574,40.013701117399215,123.14959969996126,0.08282111444320875,0.6974754549536012,0.11735371678844013,1.2747969111950634,-0.09693177183403497,1.1977642074977346,0.4786198172515721,0.5542397067969523,159.67868494858166,332.5027111249624,124.75292998477897,320.9368340943691,57.77750152684055,129.27698012129179,36.418765097845395,133.2312061055611,34.92575496380269,-8.660215756879552,-24.011308050434423
103.15407641471853,181.43147987700613,99.04345183781751,141.02744770593802,98.35189330414153,147.6882465090727,100.3499888725624,181.4964191925829,50.31330067675964,69.73228695594575,46.68636696923646,57.555328696314966,39.648530925652935,60.477312644298145,35.41591063841218,64.2322890591497,57.023276140483006,0.8735580347935332,69.20921117439947,1.6436249336317577,-0.015849016529648027,1.6180970174322962,-0.0534892334104442,0.8788999851037538,100.79904856723522,164.88353649037512,99.61332666789946,158.67887865347672,45.46059405577725,67.4990403265011,42.147568267462724,63.79676985240538,1.1857218993357606,-0.06493931557676547,-6.660798803134696
155.19872881355934,369.5224576271191,137.26704119850191,346.58127340823967,161.98594249201292,361.4578274760383,124.62397476340698,371.17129337539455,34.2798278018121,108.5523242981472,25.981884229783557,123.62570337601498,29.555087534788157,136.17861413065955,32.95927184582444,138.68003457519612,0.39459811542278717,1.3874828374155919,1.8306570011025063,1.3961910201137384,0.5104171437354288,1.0019808539100006,0.03621969673017293,1.1061999939040679,159.06830601092912,364.9245901639343,130.40428082191787,359.9289383561645,31.820701741970435,125.00962326484697,30.60306432312949,132.46803725259034,28.664025189011255,-1.6488357482754736,-14.876554067798622
143.62949044585923,521.4496178343965,138.6,545.9565217391297,136.55581395348864,683.4686046511622,144.27222222222255,594.1995833333327,29.573451616787995,145.9797718701635,29.819362617617784,152.38439459987043,28.30630629102015,94.46690643011658,28.97677801342933,155.75177225867336,0.9248173525906672,-0.22391493287298633,1.909493160889122,-0.40519197840995785,0.6376972734620845,-1.1253041913680661,0.8817818546396906,-0.9718858836916318,141.8797219558956,561.5271812080571,142.35367647058857,577.882077205882,29.41723953550168,152.08529329257163,29.373724643677914,156.22866994944465,-0.4739545146929629,-72.74996549893626,-137.5120829120325
157.66748362561233,299.5947918867472,142.89798870368074,253.4028929604712,152.95067414230985,239.80599385930597,145.23658376963613,263.8455333769694,54.510949433887376,115.08187934391312,52.611819024359434,124.61415223981147,66.67206786496574,120.11409801589907,57.665769811881525,119.9044736359548,-0.44644435108667657,1.0938233990387014,-0.0733242616049425,1.7311450178219423,-0.2360529682289019,1.7774223264331093,0.2158483298057836,1.511859343788674,155.5837648168878,273.1822256295136,143.96698077930506,258.1763144117757,60.23075930637672,121.02675953246943,54.98995309882586,122.58967168057212,11.616784037582732,35.7492585097778,13.596899101165235
109.23881030562895,204.36581838847562,97.54369571841977,183.9984991619629,98.66980395485024,175.82153101926178,102.12533805698553,187.12635098048654,51.06050310721753,115.04950612258368,57.308065634363686,118.7467936168422,54.21021510477207,116.78634008856542,61.109741536398744,103.57731230560798,-0.08960755796096036,1.4772169076084145,0.424860002428013,2.1162650078234178,0.0397144829475766,2.2046361385959514,0.4439590962552458,2.049442262551234,104.72979108583962,192.18806618632132,99.52716393406543,185.35259758494212,52.6868774250763,116.65008312389504,59.02698027293581,112.44070011765277,5.202627151774195,17.239467407989082,8.176968142701128
94.35522388059705,323.6059701492537,83.788,309.856,101.30333333333334,292.32,77.6675,329.05249999999995,18.165120453371124,93.89121184001715,12.002371987791971,77.42936071026287,18.976927612477088,133.18881437966954,11.983886350065326,77.85380114396536,0.9793691552245667,-0.4244577956913478,1.105468165203646,0.08188093664849098,0.24679035443154104,0.18337452009221034,0.16405585325558195,0.5781279743932597,96.50412371134018,313.92989690721646,80.02153846153848,321.6692307692308,18.6027771085718,107.84576580019694,12.269506055508257,77.65549103869952,16.4825852498017,-5.446529850746231,17.536
84.00270995972978,256.1357466063234,87.63800332088557,203.82605334162812,88.01999793889392,189.1219044674555,91.26595169536861,231.8724334488969,16.147405803636953,78.76434077052025,15.256375579274252,105.31916580632732,16.562993734684945,91.18885314542844,17.851821676393275,85.02855959768675,0.02562175066766698,2.286284036463022,0.4390924989690953,2.6612037766019427,0.03798526083665882,2.773976955142123,0.24983593689617897,2.804989458688017,85.97557062603795,223.22574016902385,89.33925707514419,216.97784177021452,16.475477237419735,91.44947911682519,16.622954544550595,97.34802988120953,-3.3636864491062397,24.263313157426467,14.704148874172631
97.82643678160926,506.3827586206895,106.28,732.0600000000001,96.46190476190483,665.0317460317464,92.98650793650789,448.12936507936524,20.75309704973792,158.5927549057037,12.75723324236098,81.62868980940465,18.43395734534878,79.38926519087683,17.288018293255494,200.62646488136514,0.679163630813563,0.037736183188361,0.8485565356690444,-1.7045420672366955,0.6782704021783752,-0.7755463261195393,-0.048374088997283404,0.10689905723850929,97.25333333333322,573.015333333334,93.49389312977091,458.9664122137407,19.759584087499466,152.6829661506898,17.289457684804482,204.67090756051326,3.7594402035623062,58.25339354132427,67.0282539682537
129.9763306169944,260.06426309664386,126.79466587515805,252.42339721846628,124.44528748231677,239.02703170528852,134.7972438822689,244.60037371088498,58.06544325123916,130.02455742824625,58.298371280415324,143.59871386611843,62.78383993994915,131.42779372820306,70.22039248071309,125.33503204560914,0.3482442175593364,1.2042619929502705,0.21579818924740207,1.3391362197364396,0.29325898741902207,1.5810802323875988,0.6386326672352278,1.4406130190795334,127.50609305144465,250.66875523432572,130.31818052370028,248.9789399573207,60.280799268565595,131.07020882995556,63.94560423198973,135.9145759704245,-2.8120874722556266,15.463889385758876,13.396365513177756
148.1929203539822,537.7619469026549,125.24926470588225,552.627941176471,142.58499999999998,671.6387500000002,120.32000000000006,595.1933333333333,37.408253912298036,130.2983484630282,29.190998095743634,122.29163060983096,31.52866929227703,84.97049151792324,33.59276960138185,109.99816464827356,0.11417792884867883,0.0968572382594145,0.11233902906273573,0.06695146936898286,0.231198717377781,-0.463281958457119,0.12408311168445367,-0.15076906283919778,146.72679738562096,572.7624183006535,123.7403061224488,565.6581632653066,35.99856920022977,133.6662341683778,30.603082765917605,120.00565236556999,22.986491263172155,-57.431386430678344,-119.01080882352915
101.80678978215269,403.98006192634756,106.1965308988768,466.0870505617953,103.99383042693957,497.98825015032355,108.55406984833773,410.48264922776883,15.494555283436595,126.01951516889133,14.635613720477345,159.76730725932262,15.636956117488728,123.01364424697488,19.94263575633063,124.26263664025028,0.7752985982616449,0.7472112114839895,0.35356070778797327,0.45979782601914015,0.6018074129548197,0.24740865997384295,12.451916052284018,0.5436671665330558,102.85444751699643,449.01278949186843,107.38082057733915,438.154651569154,15.600789825474877,133.1430360372307,17.542885952947394,145.70981758522598,-4.526373060342721,-6.502587301421272,-31.901199588528243
174.36969696969695,543.6878787878787,175.11714285714288,475.7885714285714,201.29117647058825,516.3117647058823,180.20000000000005,523.1518518518519,55.693028540655824,126.16757645482788,64.11924316878526,123.0632686907037,64.57604100052316,120.71011798797247,57.23620374263064,109.93325203124989,1.0664911028852977,-0.4168154911156327,0.9119081429776257,0.6830562260968133,0.5329092889574055,0.43958463827602307,0.5463180097419139,0.37805630952231856,188.03134328358212,529.7955223880596,178.20112359550555,504.52584269662924,61.42303686125557,123.26219459352023,59.730376188605064,116.9243865302485,9.830219688076568,20.536026936026815,-40.523193277310895
173.7946308724832,298.37919463087263,211.89263157894732,343.2631578947369,197.66285714285718,364.79428571428576,143.8371794871795,362.28717948717946,91.39538014319012,104.13657046136633,71.56999585602131,87.3549911526715,60.01624217702871,88.06983869982297,40.10622294874099,72.33519622369606,-0.1596583637901096,0.3375865856339325,0.4374985535713189,-0.27679437586588823,-1.0992346116527605,-0.387045621943147,1.6577863824354246,-0.3507949870501815,181.42374429223742,319.60776255707793,181.2086705202312,351.8404624277458,83.27933311170695,103.83106641227536,68.3581572085083,81.25823739148518,0.2150737720062068,-63.907984856306825,-21.531127819548885
106.96669167291799,204.81222805701378,104.81088235294115,201.3146078431368,108.12264678471561,199.18835041938462,104.16985951468712,204.86487867177516,35.586416001566455,122.36700444477991,35.032102328133774,133.1522284804363,34.94639791618522,120.02738425252777,36.21404873365535,121.93717746565605,0.14046114767996082,2.186295239557128,0.13164471075223672,2.132602946815995,-0.11179187332698202,2.2878910647194712,0.08002803848961718,2.1002242938762588,107.4822111388191,202.30415627597608,104.53250138657725,202.85640599001604,35.299788969684464,121.33627967109821,35.54169016754842,128.37943223176472,2.9497097522418443,-0.05265061476137589,2.126257423752179
171.88151910423892,308.95937896802536,152.5224805122497,240.316842984412,164.34748858447608,258.5193049213627,155.81366410188585,275.1712655876914,62.66429522837002,89.46895024987938,44.44019496466528,89.77698539127088,63.91084102634252,96.16527024367527,50.19194666706207,81.47186146585,-0.3525901385492468,0.09267337068643867,-0.295277927632559,0.8844267230573547,-0.25308668358480346,0.6991578218922637,-0.3605223840430973,0.4850083379469375,168.29184746479822,284.92665135673553,154.20764162478156,258.1631028392846,63.37119387288361,96.07872494390146,47.49925935540854,87.37699141648702,14.084205840016665,33.78811338033398,-18.20246193695067
114.89894894894907,560.4153153153145,121.73333333333346,494.8764705882348,111.90730337078675,535.2286516853928,120.61875000000029,509.18668478260895,25.225977458628922,136.0756448394489,22.42588593713674,138.40206828663054,22.37688441096223,131.74465660281794,26.133199914191575,117.65569351723526,1.5156273208464353,-0.3644833990553844,0.5638930237509319,0.2646209951358364,1.0613280315733338,-0.12206973425638581,1.7170490930370454,-0.0537912922722712,113.56766666666655,549.2072499999996,121.12477744807107,502.68976261127654,24.036246008005335,134.69339651590806,24.51706362182072,127.64417104368059,-7.557110781404518,51.22863053270555,-40.35218109715805
61.52779097387179,246.63942992874104,68.0997260273973,227.61589041095894,64.92394014962605,205.16608478803022,61.86261980830677,286.25399361022374,12.399668279511287,100.20424220493221,20.56913229140782,144.39083796231836,13.218100296048943,107.63982463234868,15.610094187752482,162.75365486372337,0.08751575149501624,2.540499612633169,1.5735813338697167,2.2023667169822576,0.4430752780838545,2.82360583063007,1.0175053142284,1.6651178604021042,63.18454987834544,226.40729927007305,65.22035398230089,254.68628318584086,12.909872803951103,105.88623290764464,18.69391559382403,155.7978831295277,-2.0358041039554493,-39.61456368148271,22.44980562292872
119.03696395685283,265.1897658510944,103.81716316858409,291.28686526743513,118.27892332789509,255.37396411093076,105.01844368013678,284.82257093723206,32.49630746863106,87.89613654148195,27.49491372984526,98.47564887004647,32.016855152457616,103.34389051622135,26.062660463526,82.74977939099534,-0.20057784297316886,0.5725965967879061,-0.18245133950591727,0.002970381094179906,-0.5406760392138883,0.4286316878667014,0.27750993690025577,0.3219844424551153,118.69857267696034,260.8079667928952,104.34636363636243,288.4391477272761,32.28301447284733,95.22056885629416,26.877476379630007,91.92790661603654,14.352209040597913,-19.632805086137637,35.912901156504375
86.68301886792433,234.7043126684639,78.85648648648629,202.64432432432474,82.855649717514,167.63107344632786,78.94415094339614,252.34792452830226,32.77245312506799,160.20527046278272,27.76668420696665,148.09596091651562,39.706713516757894,134.3785971065241,33.877288217134904,152.56933224442398,1.186611794986556,1.5144564842985693,3.4253664537791333,2.1391558836349263,1.2503927684169958,2.1048486934044117,2.099321433364734,1.5819781934655914,84.8142068965518,201.9540689655173,78.89307086614176,223.3867716535434,36.34917456085457,151.81051771197764,30.440537514162262,151.85371420792166,5.9211360304100396,-17.64361185983836,35.01325087799688
55.941513180421644,277.2910030811258,57.40288983708222,384.1779480217266,53.96172663337222,409.1695240036569,56.45313751669138,296.6584684340948,15.060049937477986,85.61289997825865,13.050797768491758,91.60676945524901,14.83088135027644,57.62392029691328,12.945509186023804,88.25195138101107,1.592867954955485,0.5157905202205714,0.18688626677347234,-0.8283661915975365,1.7899864611435856,-0.9281816269936987,0.23758747419015405,0.11044989917604559,55.14598214285741,330.28331012448865,56.76619997443195,325.5071090653221,14.99951983100421,99.49349800542944,12.98756847812096,98.3842416732493,-1.6202178315745357,-19.36746535296902,-24.991575981930282
183.20677966101695,536.0288135593221,169.1206349206348,475.5150793650794,178.71031746031736,463.50158730158745,134.706081081081,451.10135135135135,40.743393221168404,147.6148040081387,38.04957254416468,122.25037067753065,34.619101847078774,128.91896678712686,52.30889185263366,189.35525586402795,0.6901133854040237,-0.34131126626967184,0.21268917352600716,0.5053390288828027,1.2693903938156552,0.6453431314345606,0.32640416186336046,0.17462259922251555,180.14432432432423,486.63189189189194,150.53175182481758,462.3281021897812,36.63154649465258,138.9540654050717,49.31031119681221,162.16771824587585,29.612572499506655,84.92746220797073,12.013492063491924
95.82156862745097,265.8539215686274,88.97403846153844,283.5480769230769,92.70761904761902,285.45619047619044,83.05540540540545,335.44594594594616,39.31109139194608,111.42202056881463,23.44479570540996,125.91974095158552,23.65123470202778,133.43554113951103,23.1708552286094,120.94865228760848,0.6667202767357451,0.537359842984117,0.7805778672318053,1.04890239303117,0.06422330277627734,1.3247175357321048,1.9003982938260706,1.030877166927197,94.24202898550723,275.7971014492756,86.51348314606733,305.1235955056181,32.28805907715775,123.1761462348387,23.448735723023297,126.16648450752682,7.728545839439903,-69.59202437731875,-1.9081135531135374
72.33425090252624,307.0165162454898,70.22966139954856,339.7317832957123,70.21818514453007,365.7765093304082,69.37293600390839,347.82672203224354,14.076178762587068,95.09570322370806,13.699208089490275,102.57728256798183,12.511132761327623,86.3367285679544,12.843578840280395,106.77769510619726,1.2174379337884942,0.16940783556420083,1.513352392167132,-0.29804778413111294,0.3056491764716181,-0.5640744903917967,0.5673461979037102,-0.5533138972924508,71.5271039776684,329.42978367062074,69.81818395119573,343.6197090567818,13.53881920279067,96.18037322535965,13.300469812791299,104.68161050827315,1.7089200264726685,-40.81020578675373,-26.044726034695884
106.47010573360254,279.907924569417,102.04334636548649,279.641847668681,112.49040329324455,284.5416993632058,95.05841056991133,331.44192466968155,26.215448637413278,80.87812104128848,22.304249941598986,89.80222995459772,27.88757184361491,91.0513124552661,19.538863942893794,76.08702842955674,0.6209480760931874,0.250785584260034,1.0718619570585337,0.41979250639638027,0.9140454388893307,0.36895560021968643,1.1104773146978224,-0.3843615647925539,109.23150317154143,282.0333500516263,99.08596059113563,301.57373298820505,27.16105457255669,85.7242500297726,21.456492761889017,88.067825040738,10.145542580405802,-51.534000100264564,-4.899851694524784
78.06833611574879,175.05175292153604,72.9582690659812,234.15784061696584,81.3259663865548,204.046302521008,73.1361391694726,230.5881032547695,19.7838507560521,70.52889828902191,11.489140883298848,87.8449840501854,19.132150045970885,85.0496570863489,10.919767474926045,68.10327347718626,0.32074590628499644,0.7633099016705277,0.3480153144993285,0.5578865323930638,-0.1454636286586807,0.6663950069400297,-0.809726848547313,1.3272961542994763,79.36615333110112,186.6029795781727,73.03527696793017,232.6123420796886,19.5886506373364,77.93446515182005,11.24382137666199,79.90036438425425,6.330876363170944,-55.53635033323346,30.111538095957854
105.78399999999999,261.404,97.00666666666667,269.00999999999993,97.08235294117648,314.79705882352937,88.77000000000001,227.4350000000001,33.31603317723565,100.1293891256042,27.14372898089918,66.92338053377881,24.372257832865174,84.17242579262293,20.32009489176309,63.00053540676033,0.4858867641479965,0.7430997774124978,0.2795309390423195,0.038072845048557964,0.48487406746361456,-0.16092678708898464,0.18524116694595402,1.1968814999387163,100.76949152542372,292.1728813559322,92.30000000000004,245.2528571428571,28.566946502831147,94.27559531813695,23.66218777786159,67.4921524615443,8.469491525423678,33.96899999999991,-45.787058823529435
111.74421815671428,220.3805315844001,97.86547573557435,199.69667558273042,114.81042891732987,192.05043237634212,99.30936081033835,226.9409535452344,50.18559913621472,99.92423860984779,30.34777424109358,102.17568066571535,53.35102540374048,95.29625119110149,36.218245054189794,93.07516075041222,-0.14382771157098967,0.5276400042348905,0.43177218609052226,0.8142051667174331,0.18063040904994454,1.1788391727974397,0.4002022607746597,0.6269176173408142,113.27573427781843,206.23016586040026,98.6198266423377,213.93031934306597,51.81131263493894,98.65812159185359,33.54943349429576,98.46763654215458,14.65590763548073,-6.560421960834304,7.646243206388306
114.50965551369937,239.77354081323676,115.51126976760466,201.90379466675614,113.33341515508437,237.94556727979096,114.01832454818927,238.78233810240175,52.32392158955443,99.3455673733209,37.03184078087139,106.84151002560694,53.04102179259631,101.71616562821322,38.854490494460265,92.880027419164,0.6448260432545725,0.36031249400628834,0.25596439671115867,0.9157605730749718,-0.18328935494606402,0.550326336865714,0.3658006355038804,0.40010559937488843,113.96497889048786,238.92706887899922,114.78467190734733,219.85212284464004,52.660077106636116,100.45365693034333,37.93683484171892,101.9686883763572,-0.8196930168594747,0.9912027108350117,-36.04177261303482
97.88744514106554,263.58199059561366,83.10278738946526,257.58118031526584,88.95258830125165,259.59177723790157,85.88373327180416,312.6490539916959,31.321271394295334,149.61596169264521,23.38508576054911,138.04962440310197,27.234915679775725,132.73083494598242,28.830625269428072,159.27478457789832,0.0016119613427467917,1.13103577503876,0.13921375349241888,1.0913594490671619,-0.031046007905526245,1.175792904533535,1.1978693188889158,0.6335669770559545,93.81188304492397,261.76188730713244,84.36669463087352,282.6088821308712,29.859827263166526,142.17088372752306,26.037216400434158,150.58359750732052,9.445188414050449,-49.06706339608223,-2.0105969226357274
168.41176232821215,376.94842360549916,132.11246426529402,376.6619210977692,165.24482564679306,370.3601799775024,122.2160773849236,383.60527018011896,72.31803693771678,147.19412999201137,40.27230502028698,177.71642770162177,72.91503430026995,172.26507962844246,35.158909542964366,121.21343655653945,0.03256907158387683,0.46982349724826744,0.36220168599766733,0.7116761613274344,-0.11317478779833298,0.6391478418612642,0.12885617329023785,0.736537930584929,167.08748824082744,374.193508936976,127.54513546797861,379.86637931034863,72.5765306443506,158.17571113108565,38.31134799265065,154.2498103932406,39.54235277284883,-6.656846574619806,6.301741120266797
,,,,183.6,722.7,,,,,,,,,,,,,,,,,,,183.6,722.7,,,,,,,,,
146.87803468208097,448.40231213872835,143.84910179640718,378.57305389221557,145.61879699248118,471.71804511278197,150.03018867924527,429.27169811320755,31.441817485837923,177.2632410358389,29.310477316373937,152.043216524842,31.0976812698309,145.78942152804777,33.32589775109505,153.64390106421993,0.07224310073909525,0.42028939820402755,-0.030044950056171374,0.9953943800008328,3.210261915969497,0.2916715506569221,0.470583946548463,0.6735406888399299,146.33071895424837,458.5362745098034,146.24908424908435,398.2582417582422,31.247768772376418,164.4773742709276,31.01845171159882,154.38195476065445,0.08163470516402072,19.1306140255208,-93.1449912205664
71.73457380383277,283.1629036286342,101.45173375655408,283.50099071802344,72.24902937420292,275.96568326946885,98.64218369649275,293.1767381107821,14.30243119941313,86.76190786445434,36.9344908854578,118.42729895803235,12.806528756909698,89.97759761281452,37.237804608496184,108.64605567168351,1.3760006351761167,0.3514428360404788,1.030496166006372,0.02134699180246315,-0.7203453453984989,0.518715811027606,1.0268634385970152,-0.21005400220223472,71.96914804821454,279.8812159093283,100.19439366563601,287.8311164842182,13.642989156181605,88.31460684648295,37.09635965271456,114.25347330999632,-28.22524561742148,-10.0138344821479,7.53530744855459
74.38211920529903,233.1834988962452,71.24298737727972,249.60497896213062,76.06931407942285,282.8453429602876,75.1686145764947,262.6007222586995,15.847420270970128,68.12925496361935,12.5407964400199,82.67258921052056,16.960271621476448,93.4145374328969,27.81950577021074,66.96314855887688,2.7769493077920404,0.9911954299158799,2.1767866795997897,0.9567344194106939,1.473624878195185,0.593973856579876,7.30810907820996,1.0186575923316148,75.11304347826223,254.69793556459476,73.27036283486085,256.3165818921689,16.35761914314595,83.75406549894532,21.896007685148668,75.23967127811298,1.8426806434013798,-29.41722336245428,-33.240363998156994
104.44555465586994,284.9018785425121,114.02172505712103,215.02376237623895,102.08315452663263,255.12755505364433,114.70813047711735,271.44819863680755,43.152218907903546,144.5543731807184,37.849778675644494,137.0714916146156,41.67692901757808,154.31676424979847,38.71548693067216,124.35155003172821,9.338544616122492,1.0602678685255105,-0.10442682894160782,1.7850409541878862,0.5460076867913187,1.298240621568736,0.26666494491733445,1.6802969508621317,103.35298572423498,271.13177228412013,114.32298076923082,239.78782051282147,42.490783311876314,149.87926530241242,38.231605937730336,134.57889082506404,-10.96999504499584,13.453679905704576,-40.10379267740538
103.36601307189554,249.62614379084968,141.26530612244906,262.96224489795924,104.28738738738751,247.86036036036026,147.90000000000003,350.36307692307673,24.08533393942281,75.67967186145918,44.98716678874675,92.26824577509663,23.37849484663248,77.77205887519722,53.58379827429183,96.44186488701165,-0.561396453530719,1.1389556623431059,-0.607272583485419,0.2813433244681552,1.957393263182936,0.7446731879205458,-0.22316183522679756,-0.7137097543864956,103.75340909090905,248.88371212121208,143.91104294478546,297.815337423313,23.750225688887113,76.42440933406878,48.54624498343793,103.02808294063558,-40.15763385387642,-100.73693313222705,15.101884537598977
147.0864503816795,505.74751908396894,147.24843750000005,456.02135416666624,146.60756501182053,580.3156028368791,136.493675889328,545.699209486166,32.98465527121396,139.37227989457267,37.05920318400221,134.51295515364555,38.75411354995191,115.88464088455126,35.02777525353266,139.49259979008926,0.46322069028310414,0.1727564356878343,2.462348937799832,0.6622357562474638,0.8679385433469123,0.06703884069721121,2.891474984070919,-0.12851422263942305,146.87254487856387,539.055121436113,142.97692307692327,491.6390894819457,35.65848472588146,134.55618340789536,36.61883066225787,143.29844256852854,3.8956218016406012,-39.951690402197016,-124.29424867021282
135.57036551970745,240.87522324086643,122.5932893141103,259.1786551677706,131.59124167006772,197.61291989664477,123.86985320443938,275.0287146437553,60.22155474073635,108.92079478807344,64.17287530811613,158.66949598689604,66.2784341592186,102.87279692248728,64.65183418876292,148.5030208098328,-0.36049836998045154,1.6178533379265867,0.4831866818532937,1.364126572276302,-0.24441810777020825,2.3904862686444304,0.38966540699131674,1.1104418466390826,133.71291899441846,220.68047232096941,123.1415237948832,265.9856385023384,63.15044653769507,108.30959636348236,64.37962723897249,154.5788585296409,10.57139519953526,-34.15349140288885,61.565735271125845
